Model,Accuracy,Precision,Recall,F-1,ROC AUC,Train Error,Test Error
"DecisionTreeClassifier(max_depth=5, min_samples_split=4)",0.9292035398230089,0.9047619047619048,0.9047619047619048,0.9047619047619048,0.8998993963782695,0.013215859030836996,0.07079646017699115
