Model,Accuracy,Precision,Recall,F-1,ROC AUC,Train Error,Test Error
"RandomForestClassifier(max_depth=7, n_estimators=6)",0.9557522123893806,0.9512195121951219,0.9285714285714286,0.9397590361445782,0.9899396378269617,0.008810572687224627,0.04424778761061943
