Model,Accuracy,Precision,Recall,F-1,ROC AUC,Train Error,Test Error
"BaggingClassifier(estimator=DecisionTreeClassifier(max_depth=5),
                  max_samples=0.9, n_estimators=500, n_jobs=-1)",0.9557522123893806,0.9743589743589743,0.9047619047619048,0.9382716049382716,0.9892689470154258,0.004405286343612369,0.04424778761061943
