Model,Accuracy,Precision,Recall,F-1,ROC AUC
"BaggingClassifier(estimator=DecisionTreeClassifier(max_depth=6,
                                                   min_samples_leaf=3),
                  max_samples=0.7, n_estimators=500, n_jobs=-1)",0.9557522123893806,0.9743589743589743,0.9047619047619048,0.9382716049382716,0.9902749832327297,Train error: 0.017621145374449365,Test error: 0.04424778761061943
