Model,Accuracy,Precision,Recall,F-1,ROC AUC
"DecisionTreeClassifier(max_depth=6, min_samples_leaf=3)",0.9292035398230089,0.9473684210526315,0.8571428571428571,0.9,0.9356136820925552,Train error: 0.017621145374449365,Test error: 0.07079646017699115
