Model,Accuracy,Precision,Recall,F-1,ROC AUC,Train Error,Test Error
"LogisticRegression(penalty='l1', solver='liblinear')",0.6923076923076923,0.5483870967741935,0.5483870967741935,0.5483870967741935,0.7301075268817203,0.24932249322493227,0.3076923076923077
