Model,Accuracy,Precision,Recall,F-1,ROC AUC,Train Error,Test Error
"DecisionTreeClassifier(max_depth=6, min_samples_leaf=3, min_samples_split=4)",0.911504424778761,0.9444444444444444,0.8095238095238095,0.8717948717948718,0.9237089201877934,0.017621145374449365,0.08849557522123896
