Model,Accuracy,Precision,Recall,F-1,ROC AUC
"DecisionTreeClassifier(max_depth=6, min_samples_leaf=2)",0.7065217391304348,0.48148148148148145,0.5,0.49056603773584906,0.6477272727272727
