Model,Accuracy,Precision,Recall,F-1,ROC AUC
"DecisionTreeClassifier(max_depth=4, min_samples_split=4)",0.9292035398230089,0.9047619047619048,0.9047619047619048,0.9047619047619048,0.8998993963782695,Model with best accuracy,Train error: 0.01541850220264318,Test error: 0.07079646017699115
"DecisionTreeClassifier(max_depth=5, min_samples_leaf=2, min_samples_split=4)",0.911504424778761,0.9210526315789473,0.8333333333333334,0.875,0.8641851106639838,Model with best precision,Train error: 0.01541850220264318,Test error: 0.08849557522123896
"DecisionTreeClassifier(max_depth=4, min_samples_leaf=2)",0.9203539823008849,0.9459459459459459,0.8333333333333334,0.8860759493670887,0.8770959087860496,Model with best recall,Train error: 0.01541850220264318,Test error: 0.07964601769911506
"DecisionTreeClassifier(max_depth=5, min_samples_leaf=3)",0.9292035398230089,0.9473684210526315,0.8571428571428571,0.9,0.9123071763916833,Model with best f1,Train error: 0.017621145374449365,Test error: 0.07079646017699115
"DecisionTreeClassifier(max_depth=6, min_samples_leaf=4, min_samples_split=4)",0.911504424778761,0.9444444444444444,0.8095238095238095,0.8717948717948718,0.9077800134138163,Model with best roc_auc,Train error: 0.022026431718061623,Test error: 0.08849557522123896
