Model,"[Accuracy, Precision, Recall, F-1, ROC_AUC]",Description
"DecisionTreeClassifier(max_depth=4, min_samples_leaf=2)","[0.7608695652173914, 0.5666666666666667, 0.6538461538461539, 0.6071428571428571, 0.7127039627039627]",Model with highest accuracy
"DecisionTreeClassifier(max_depth=4, min_samples_leaf=2)","[0.7608695652173914, 0.5666666666666667, 0.6538461538461539, 0.6071428571428571, 0.7127039627039627]",Model with highest precision
"DecisionTreeClassifier(max_depth=4, min_samples_leaf=3)","[0.7391304347826086, 0.5294117647058824, 0.6923076923076923, 0.5999999999999999, 0.6789044289044289]",Model with highest recall
"DecisionTreeClassifier(max_depth=4, min_samples_leaf=2)","[0.7608695652173914, 0.5666666666666667, 0.6538461538461539, 0.6071428571428571, 0.7127039627039627]",Model with highest f-1 score
"DecisionTreeClassifier(max_depth=4, min_samples_leaf=2)","[0.7608695652173914, 0.5666666666666667, 0.6538461538461539, 0.6071428571428571, 0.7127039627039627]",Model with highest roc-auc
