Model,Accuracy,Precision,Recall,F-1,ROC AUC
"DecisionTreeClassifier(max_depth=6, min_samples_split=4)",0.9203539823008849,0.8888888888888888,0.9090909090909091,0.8988764044943819,0.928030303030303
