Model,Accuracy,Precision,Recall,F-1,ROC AUC
"DecisionTreeClassifier(max_depth=5, min_samples_split=4)",0.9026548672566371,0.8837209302325582,0.8636363636363636,0.8735632183908046,0.8970685111989458
