Model,Accuracy,Precision,Recall,F-1,ROC AUC
DecisionTreeClassifier(max_depth=5),0.8938053097345132,0.8478260869565217,0.8863636363636364,0.8666666666666666,0.8960803689064558
