Model,Accuracy,Precision,Recall,F-1,ROC AUC
KNeighborsClassifier(n_neighbors=6),0.6630434782608695,0.35294117647058826,0.23076923076923078,0.2790697674418605,0.7170745920745921
