Model,Accuracy,Precision,Recall,F-1,ROC AUC
KNeighborsClassifier(n_neighbors=4),0.8938053097345132,0.9,0.8181818181818182,0.8571428571428572,0.9130434782608696
