Model,Accuracy,Precision,Recall,F-1,ROC AUC
"LogisticRegression(penalty='l1', solver='liblinear')",0.9823008849557522,1.0,0.9523809523809523,0.975609756097561,0.9976525821596244,Model with best accuracy,Train error: 0.04185022026431717,Test error: 0.017699115044247815
"LogisticRegression(penalty='l1', solver='liblinear')",0.9823008849557522,1.0,0.9523809523809523,0.975609756097561,0.9976525821596244,Model with best precision,Train error: 0.04185022026431717,Test error: 0.017699115044247815
"LogisticRegression(penalty='l1', solver='liblinear')",0.9823008849557522,1.0,0.9523809523809523,0.975609756097561,0.9976525821596244,Model with best recall,Train error: 0.04185022026431717,Test error: 0.017699115044247815
"LogisticRegression(penalty='l1', solver='liblinear')",0.9823008849557522,1.0,0.9523809523809523,0.975609756097561,0.9976525821596244,Model with best f1,Train error: 0.04185022026431717,Test error: 0.017699115044247815
"LogisticRegression(penalty='l1', solver='liblinear')",0.9823008849557522,1.0,0.9523809523809523,0.975609756097561,0.9976525821596244,Model with best roc_auc,Train error: 0.04185022026431717,Test error: 0.017699115044247815
