Model,Accuracy,Precision,Recall,F-1,ROC AUC
LogisticRegression(solver='liblinear'),0.75,0.5555555555555556,0.5769230769230769,0.5660377358490566,0.8082750582750582
