Model,Accuracy,Precision,Recall,F-1,ROC AUC
"LogisticRegression(penalty='l1', solver='liblinear')",0.6923076923076923,0.5483870967741935,0.5483870967741935,0.5483870967741935,0.7301075268817203,Model with best accuracy,Train error: 0.24932249322493227,Test error: 0.3076923076923077
LogisticRegression(solver='liblinear'),0.6703296703296703,0.5161290322580645,0.5161290322580645,0.5161290322580645,0.7182795698924732,Model with best precision,Train error: 0.2520325203252033,Test error: 0.3296703296703297
"LogisticRegression(penalty='l1', solver='liblinear')",0.6923076923076923,0.5483870967741935,0.5483870967741935,0.5483870967741935,0.7295698924731182,Model with best recall,Train error: 0.24932249322493227,Test error: 0.3076923076923077
"LogisticRegression(penalty='l1', solver='liblinear')",0.6923076923076923,0.5483870967741935,0.5483870967741935,0.5483870967741935,0.7301075268817203,Model with best f1,Train error: 0.24932249322493227,Test error: 0.3076923076923077
"LogisticRegression(max_iter=400, penalty='l1', solver='liblinear')",0.6923076923076923,0.5483870967741935,0.5483870967741935,0.5483870967741935,0.7295698924731182,Model with best roc_auc,Train error: 0.24932249322493227,Test error: 0.3076923076923077
